asin,title,main_category
B0B59BJG6Y,4/5 Pack Mens Polo Shirts Short Sleeve Quick Dry Moisture Wicking Casual Golf T Shirts for Men,Men
B0DLGB4RYH,COOFANDY Men's Polo Shirts Short Sleeve Moisture Wicking Golf Shirt Fashion Casual Collared T-Shirt,Men
B0DRXF62JH,ZITY 3 Pack Men Polo Shirts Short Sleeve with Pocket Sport Wicking Shirts for Men Casual Athletic Collared T-Shirts,Men
B0DK5FZ325,Rouen Mens Golf Shirt Moisture Wicking Dry Fit Performance Stripe Casual Collared Short Sleeve Golf Polo Shirts for Men,Men
B0BGXTC1FR,V VALANCH Mens Polo Shirts Short Sleeve Moisture Wicking Golf Polo Athletic Collared Shirt Tennis T-Shirt Tops,Men
B07FMX9FSF,"POLO RALPH LAUREN Men's Slim Fit Cotton Crew Undershirts, 3 Pack",Men
B07FMYL9NR,"POLO RALPH LAUREN Men's Classic Fit Cotton Crew Undershirts, 3 Pack",Men
B0BGSDG377,TELALEO 4/5 Pack Mens Polo Shirts Quick Dry Short Sleeve Golf T Shirt Performance Moisture Wicking Casual Workout,Men
B07FMZ31SR,"POLO RALPH LAUREN Men's Classic Fit Cotton V-Neck Undershirts, 3 Pack",Men
B0CXDL2NP6,OYGSieg 6 Pack Mens Polo Shirts Performance Short Sleeve Golf Shirt Moisture Wicking Athletic Casual Collared T-Shirt,Men
B09MHPSWY2,ZITY 5 Pack Mens Polo Shirt Short Sleeve Sports Golf Tennis T-Shirt Moisture-Wicking Summer Shirts,Men
B0DPQC1NSV,M MAELREG Mens Golf Shirts Dry Fit Moisture Wicking Performance Sports Short Sleeve Striped Collared Polo Shirts for Men,Men
B0DWXNDJPK,Men's Polo Shirts Performance Short Sleeve Golf Shirt Recycled Polyester Moisture-Wicking Dry Fit Solid Athletic Apparel,Men
B0DWFMDQBT,ZITY 3 Pack Mens Polo Shirts Short Sleeve Golf Polo Moisture Wicking Performance Collared Casual Tennis Athletic T-Shirt,Men
B0CQTCDJJ7,M MAELREG Golf Shirts for Men Dry fit Sports Jacquard Lightweight Performance Texture Short Sleeve Collared Polo Shirts,Men
B06VZ3RCYS,"Hanes Men's X-Temp Short Sleeve Polo Shirt, Midweight Men's Shirt",Men
B0B47Q6QYP,POLO RALPH LAUREN Men's Slim Fit Stretch Crew Tee,Men
B0BPHD8XCN,POLO RALPH LAUREN Slim Fit Undershirt w/Wicking 5-Pack Crews,Men
B005LCMU00,"U.S. Polo Assn. Men's Classic Polo Shirt, Two-Button Closure Pique Polo Shirt, Summer Fashion Golf Shirt",Men
B0DWSPXNB7,Nuofengkudu Men's Quarter Zip Polo Shirt Short Sleeve Collared Shirts Vintage Textured Casual Summer T Shirt,Men
B0DSBXZY87,GEEK LIGHTING Mens Waffle Polo Shirts Short Sleeve Summer Casual T-Shirts Moisture Wicking Collared Golf Shirt with Pocket,Men
B0C8GBQ3QS,3 Pack Mens Polo Shirts Short Sleeve Sport Golf Tennis T Shirt Quick Dry Athletic Workout Polo,Men
B00GZIT5A2,U.S. Polo Assn. Men's Crew Neck Pocket T-Shirt (Color Group 2 of 2),Men
B08SM3CDLN,ZITY Mens Polo Shirt Short Sleeve Sports Tactical T-Shirt Athletic Golf Polos Daily Casual Stylish Collared Shirts for Men,Men
B0DCP4FHYY,POLO RALPH LAUREN Boys' Multi-Pack Short Sleeve Undershirt,Boys
B07JBRGFH4,"Gildan Men's Crew T-Shirts, Multipack, Style G1100",Men
B07FMXG9PB,Polo Ralph Lauren Men's Slim Fit Cotton V-neck Undershirt 3-pack,Men
B01AZ4DAJ8,U.S. Polo Assn. Men's Undershirt – 4 Pack Crew Neck Short Sleeve T-Shirt,Men
B01BDZMRR4,Polo Ralph Lauren Men's Jersey Short Sleeve Tee,Men
B00PUAO7MM,"U.S. Polo Assn. Men's Solid Short Sleeve Interlock Polo Shirt, Golf Shirts for Men, Business Casual Polos",Men
B07J6784R8,Nautica Men's Classic Fit Short Sleeve Dual Tipped Collar Polo Shirt,Men
B01AZ4DAKM,U.S. Polo Assn. Men's Undershirts - 4 Pack V Neck Undershirts for Men (S-XL),Men
B07BN24BLX,Nautica Men's Short Sleeve Solid Stretch Cotton Pique Polo Shirt,Men
B0DN375DNC,Polo Shirts for Men - Dry Fit Moisture Wicking Black Short Sleeve Performance Golf T Shirts for Casual Work Athletic,Men
B01GH5JOJY,Under Armour Men's Tech Golf Polo,Men
B0D1H3W5K7,AEROPOSTALE Men's Polo,Men
B07J9PZGX4,Nautica Men's Solid Crew Neck Short-Sleeve Pocket T-Shirt,Men
B01BDZMIK0,Polo Ralph Lauren Men's Classic Fit Jersey Short Sleeve Tee,Men
B0132MFEA8,Hanes Men's Short Sleeve X-Temp Performance Polo,Men
B07FMY215J,POLO RALPH LAUREN Men's Classic Fit Cotton Tanks 3-pack,Men
B01MDOUGX4,Lacoste Men's Short Sleeve Crew Neck Pima Cotton Jersey T-Shirt,Men
B0CS69YKZQ,Men's Polo Shirts 2025 Short Sleeve Casual Polo T Shirt Color Block Slim Fit Golf Shirts with Pocket,Men
B0D38YFY3K,ZENGVEE Mens Polo Shirts Moisture Wicking Short Sleeve Performance Quick Dry Athletic Golf Shirts,Men
B07HR8C4X3,Nautica Men's Solid Deck Shirt,Men
B0BZZSK8TF,Lacoste Men's Short Sleeved Ribbed Collar Shirt,Men
B07TF5NCTY,MAGCOMSEN Men's Polo Shirt Quick Dry Performance Short Sleeve Tactical Shirts Pique Jersey Golf Shirt,Men
B0BQVR9CCL,POLO RALPH LAUREN mens Classic Fit Undershirt W/Wicking Crews 5-pack,Men
B07HR877BN,Nautica Men's Short Sleeve Solid Crew Neck T-Shirt,Men
B0D5FXL1NC,POLO RALPH LAUREN Men's 4d Flex Cooling Ventilation Cotton Modal Crew Undershirts,Men
B0DR7WSCFQ,Men's Quick-Dry Active Polo Shirts Short Sleeve Performance for Golf Tennis Daily Casual Collared T-Shirt,Men
B0DJ6QSC4R,COOFANDY Knit Polo Shirts for Men Short Sleeve Textured Polo Shirt Slim Fit Summer Collared T Shirt with Pocket,Men
B07GP4Q8Z5,Nike Mens Dri-FIT Short Sleeve Polo Shirt,Men
B0BXSP3W6R,BALENNZ Golf Polos for Men Quick-Dry Athletic Mens Polo Shirts Short Sleeve Summer Casual Moisture Wicking Golf Shirt,Men
B09TK9248H,ZITY 4 Pack Mens Polo Shirt Short Sleeve Sports Golf Tennis T-Shirt Athletic Collared Tactical Shirts,Men
B0D9GXG945,Men's Casual Polo Shirts Classic Long Sleeve Basic Button T-Shirt Lightweight Cotton Golf Tops with Pocket,Men
B0C1SC8PR9,MoFiz Men's Camo Polo Golf Shirt Hiking Dry Fit Short Sleeve T-Shirts Pique Collared Polo Jersey,Men
B010C7M9Z4,"Hanes Men's Cool Dri Polo Shirt, Quick-Drying Performance Polo For Men, 40+ Upf Protection",Men
B0DPWXCXBX,OYGSieg 5 Pack Mens Polo Shirts Quick Dry Performance Tactical Short Sleeve Golf Polo Shirts Casual Stylish Collared T-Shirts,Men
B0CQY7PMMK,TACVASEN Mens Polo Golf Shirts with Pocket Pique Cooling Performance Moisture Wicking Polo Shirts,Men
B077ZJXCTS,"Gildan Men's Crew T-Shirts, Multipack, Style G1100",Men
B08F2P8CS9,"Fruit of the Loom Men's Undershirts, Moisture Wicking & Tag Free, Short Sleeve Crew T-Shirts",Men
B077ZJC1N9,"Gildan Men's V-Neck T-Shirts, Multipack, Style G1103",Men
B086L57B7J,"Hanes Men's Cotton, Moisture-Wicking Crew Tee Undershirts, Multi-Packs Available",Men
B0BV257YG8,COOFANDY Men's Linen Shirts Short Sleeve Casual Shirts Button Down Shirt for Men Beach Summer Wedding Shirt,Men
B07VTSD48H,5 Pack Men's Active Quick Dry Crew Neck T Shirts | Athletic Running Gym Workout Short Sleeve Tee Tops Bulk,Men
B07DRMT92L,Real Essentials 5 Pack: Men's Short Sleeve Dry Fit Active Crew Neck T Shirt - Athletic Running Gym Workout Tee Tops,Men
B0CCT3WHSS,True Classic Mens T-Shirts - Short Sleeve Crew Neck Plain Novelty T Shirt for Men,Novelty & More
B0BPF1R8KC,"Champion Men's Classic Everyday Soft, Comfortable T-Shirt (Regular or Big & Tall)",Men
B00NOY3JKW,"Hanes Men's Beefy-T T-Shirt, Heavyweight Cotton Tee, 1 Or 2 Pack, Big & Tall",Men
B08BC4HDS2,Workout Shirts for Men Short Sleeve Quick Dry Athletic Gym Active T Shirt Moisture Wicking,Men
B078LC7GCX,"Champion Men's T-Shirt, Classic Graphic T-Shirt, Soft and Comfortable T-Shirts for Men, Script Logo (Reg. or Big & Tall)",Men
B0D266SMGD,1/5 Pack Workout Shirts for Men Athletic Running Gym Quick Dry Short Sleeve Performance Moisture Wicking T Shirt,Men
B002GHC19I,Carhartt Men's Loose Fit Heavyweight Short-Sleeve Pocket T-Shirt,Men
B086L1PM8V,"Hanes Men's Pocket Undershirt Pack, Cotton Crew Neck T-Shirt, Moisture Wicking Tee, Assorted 6-Pack",Men
B09JFZTWVJ,J.VER Men's Dress Shirts Solid Long Sleeve Stretch Wrinkle-Free Formal Shirt Business Casual Button Down Shirts,Men
B01GH5KOZ2,Under Armour Men's Tech Golf Polo,Men
B0CNXK4KRH,VATPAVE Mens Summer Striped Shirts Button Down Short Sleeve Vintage Beach Hawaiian Shirts with Pocket,Men
B0BB2JC2QX,ZITY Men's Flannel Hoodie Shirts Casual Button Down Plaid Shirt Jackets for Men Long Sleeve Stylish Hooded with Pocket,Men
B071WY2Q29,"Amazon Essentials Men's Crew Neck T-Shirts, Pack of 6, Versatile Basics,",Men
B09MHS6C6Z,ZITY 5 Pack Mens Polo Shirt Short Sleeve Sports Golf Tennis T-Shirt Moisture-Wicking Summer Shirts,Men
B09S6VVX5B,"Gildan Unisex Adult Heavy Cotton T-Shirt, Style G5000, Multipack",Men
B0CJTZLCQ2,COOFANDY Men's Cuban Guayabera Shirt Short Sleeve Button Down Shirts Casual Summer Beach Linen Shirts,Men
B07NHW8Z3N,Kingsted T-Shirts for Men Pack - Royally Comfortable - Super Soft Premium Fabric - Well-Crafted Classic Tee,Men
B0775MHKD6,Amazon Essentials Men's Regular-Fit Long-Sleeve Casual Poplin Shirt,Men
B074XY7MTG,"Hanes Men's Moisture-Wicking Crewneck Performance Undershirt, 5-Pack",Men
B0CSWGBR4L,1/5 Pack Running Shirts Men Sport Tops Dry Fit Gym Wicking Athletic T Shirts Breathable Cool Workout Shirts,Men
B00B6EDB64,Dickies Men's Heavyweight Crew Neck Short Sleeve Tee,Men
B072QRN7HR,"Hanes Men's EcoSmart Fleece, Pullover Crewneck Sweatshirt, 1 or 2 Pack",Men
B0CSJ417P3,5 Pack Mesh Workout Shirts for Men Dry Fit Gym Shirts Quick Dry Athletic Short Sleeve T-Shirt Moisture Wicking,Men
B0CN2WFJLN,6 Pack Men's Quick Dry Long Sleeve Shirts Moisture Wicking Sun Protection Performance T-Shirt for Casual Workout,Men
B0C61X5ZD7,3 Pcs Men's Oversized Heavy Cotton Summer T-Shirts Vintage Tee Loose Fit Short Sleeve Casual Tshirts for Men Women,Men
B0B28SWXWP,Alimens & Gentle Mens Solid Oxford Shirt Long Sleeve Dress Shirt Work Casual Button Down Shirts with Pocket,Men
B077ZH6ZRD,"Gildan Men's A-Shirt Tanks, Multipack, Style G1104",Men
B07NWZ6PBF,Real Essentials 4 Pack: Men's Dry-Fit UV Moisture Wicking UPF 50+ SPF Sun Protective Fishing Hiking Active Long Sleeve Shirt,Men
B0C49Y4YXF,Alimens & Gentle Men's Plaid Button Down Shirts Cotton Long Sleeve Dress Shirts Regular Fit Gingham Shirts,Men
B0874W4WQ9,Under Armour Men's HeatGear Compression Long-Sleeve T-Shirt,Men
B0CW39BXTQ,COOFANDY Mens Short Sleeve Casual Button Down Shirts Summer Untucked Dress Shirts with Pocket,Men
B0C9C7TKQ7,Mens Casual Short Sleeve Henley Shirts Fashion Button T Shirts with Pocket,Men
B0CQLQLWXL,COOFANDY Men's Button Down Shirts Short Sleeve Casual Shirts Summer Beach Shirts Vacation Wedding Shirts with Pocket,Men
B07JR4NDKS,Grunt Style 1776 Flag,Men
B0874WD2B2,Under Armour Men's HeatGear Compression Short-Sleeve T-Shirt,Men
B07FMZ12CJ,"POLO RALPH LAUREN Men's Slim Fit Cotton Crew Undershirts, 3 Pack",Men
B0DM1XPTL8,Men's Long Sleeve Polo Shirts Casual Button Classic Work Shirt Cotton Collared Basic Golf Shirt with Pocket,Men
B0CC2FCKG3,Stretch Mens Dress Shirts Long Sleeve Slim Fit Dress Shirts for Men Muscle Fit Wrinkle Free Button Down Shirt,Men
B086KKT21F,Hanes Men's Lightweight Cotton Moisture-Wicking Tank Undershirts (6 Pack),Men
B073V3LPFL,Levi Strauss Signature Gold Men's Relaxed Fit Flex Jeans (Available in Big & Tall),Men
B07LGVSPKF,Rustler Men's Classic Relaxed Fit,Men
B0007CKJSY,Wrangler Men's 13MWZ Cowboy Cut Original Fit Jeans,Men
B07HNWNXM2,Wrangler Authentics Men's Comfort Flex Waist Relaxed Fit Jean,Men
B074KL8RVS,Wrangler Men's Regular Fit Comfort Flex Waist Jean,Men
B09K1PMWR6,Levi Strauss Signature Gold Men's Slim Fit Jeans,Men
B07LGQ884Z,Rustler Men's Classic Regular Fit,Men
B00UV3TGUG,Levi's Men's 559 Relaxed Straight Jeans (Also Available in Big & Tall),Men
B073372KDR,Levi Strauss Signature Gold Men's Regular Fit Flex Jeans (Available in Big & Tall),Men
B07BJKWX4Y,Amazon Essentials Slim Fit Jeans For Men,Men
B0D4QWZDB8,Men's Ripped Skinny Slim Fit Stretch Distressed Destroyed Jeans Denim Pants,Men
B07HNVR4ZD,Wrangler Authentics Men's Relaxed Fit Boot Cut Jean,Men
B01H7ENCLA,Levi Strauss Signature Gold Men's Carpenter Jeans,Men
B0B84WZ5DY,Wrangler Authentics Men's Slim Fit Straight Leg Jean,Men
B0CBKCGNFR,Lee Men's Extreme Motion Regular Straight Jean,Men
B074KL2SHP,Wrangler Authentics Men's Regular Fit Comfort Flex Waist Jean,Men
B09Y8TM3LL,XIMXIMMTIAN Men's Biker Moto Washed Distressed Slim Fit Straight Jeans Denim…,Men
B0018ON68A,Levi's Men's 501 Original Fit Jeans (Also Available in Big & Tall),Men
B0CLQ8TV53,Signature by Levi Strauss & Co Men's Fit Flex Jeans,Men
B0BQHVRH11,"HUNGSON Men's Slim Fit Stretch Jeans Ripped Skinny Jeans for Men, Distressed Straight Leg Fashion Comfort Flex Waist Pants",Men
B0D98NLXK8,Lee Men's Legendary Loose Jean,Men
B07H12JDN6,Lee Men's Extreme Motion Regular Boot Jean,Men
B0CBL2WWBG,Lee Men's Legendary Regular Straight Jean,Men
B098QPTCF8,"JUNBAOSS Men's Slim Fit Stretch Jeans Ripped Skinny Jeans for Men, Distressed Straight Leg Fashion Comfort Flex Waist Pants",Men
B09GK5CYD7,Rock & Republic Men's Relaxed Straight Jean,Men
B0C9CPWWR1,OIIIO Men's Ripped Slim Fit Straight Leg Jean Denim Pant,Men
B07BHKQ8SM,Lee Men's Extreme Motion Athletic Taper Jean,Men
B098KXZG2Z,Lee Men's Legendary Slim Straight Jean,Men
B07BJLDWXJ,Amazon Essentials Men's Skinny-Fit Stretch Jean,Men
B0018OMIOI,Levi's Men's 550 Relaxed Fit Jeans (Also Available in Big & Tall),Men
B09NMN9C21,Wrangler Men's Free to Stretch Relaxed Fit Jeans,Men
B01IR7TZWG,Levi's Men's 505 Regular Fit Jeans (Also Available in Big & Tall),Men
B071H3C5HP,Levi's Men's 511 Slim Fit Jeans (Also Available in Big & Tall),Men
B09NMPH8Y7,Wrangler Authentics Men's Athletic Fit Stretch Jean,Men
B073QX15SG,Ariat Men's M2 Boot Cut Jean,Men
B08WKCT1CH,Lee Men's Relaxed Fit Straight Leg Jean,Men
B01GQBWBYO,Wrangler Men's Retro Slim Fit Straight Leg Jeans,Men
B078LZL68J,Wrangler Authentics Men's Classic 5-Pocket Regular Fit Flex Jean,Men
B0006U6C0Q,Wrangler Men's Cowboy Cut Slim Fit Jeans,Men
B09JYPMWP2,Levi Strauss Signature Gold Men's Athletic Fit Jeans,Men
B00MGBBMTY,Levi's Men's 541 Athletic Fit Jeans (Also Available in Big & Tall),Men
B0B31C4S86,Carhartt Men's Relaxed Fit 5-Pocket Jean,Men
B0008EOGAS,Lee Men's Regular Fit Straight Leg Jean,Men
B01ISMKS7G,Levi's Men's 569 Loose Straight Fit Jeans,Men
B07GX21XWG,Lucky Brand Men's 363 Vintage Straight Jean,Men
B01N58LDY4,FREDD MARSHALL Men's Skinny Slim Fit Stretch Straight Leg Fashion Jeans Pants,Men
B01MYQDZU2,Wrangler Men's Retro Relaxed Fit Bootcut Jeans,Men
B073V3JSSB,Levi Strauss Signature Gold Men's Bootcut Fit Jeans,Men
B01MZFNQNC,Haggar Men's Premium No Iron Khaki Classic Fit Expandable Waist Flat Front Pant (Regular and Big & Tall Sizes),Men
B073SLX239,Amazon Essentials Men's Classic-Fit Wrinkle-Resistant Pleated Chino Pant (Available in Big & Tall),Men
B077PHG1MV,Dockers Men's Classic Fit Signature Lux Cotton Pleated Stretch Pants (Regular and Big & Tall),Men
B00QNAL9U6,Lee Men's Extreme Motion Flat Front Regular Straight Pant,Men
B08885RKFY,Wrangler Authentics Men's Relaxed Fit Stretch Cargo Pant,Men
B09YY6SQB8,"CRZ YOGA Men's All Day Comfy Golf Pants - 30""/32""/34"" Quick Dry Lightweight Work Casual Trousers with Pockets",Sport Specific Clothing
B08JM661K7,Men's Cozy Hidden Expandable Waist Dress Pants | Premium Stretch Texture Weave Work to Weekend Pants,Men
B0D635RHQX,PJ PAUL JONES Men Vintage Tweed Pants Herringbone Pleated Suit Trousers,Men
B08BC5YNP3,COOFANDY Men's Casual Linen Pants Elastic Waist Drawstring Beach Summer Pants Lightweight Linen Trousers,Men
B01JQTOOMA,Amazon Essentials Men's Classic-Fit Wrinkle-Resistant Flat-Front Chino Pant (Available in Big & Tall),Men
B01NA0C8IO,Dockers Men's Classic Fit Easy Khaki Pants - Pleated (Standard and Big & Tall),Men
B07849QXR8,Dockers Men's Straight Fit Signature Lux Cotton Stretch Khaki Pant,Men
B01N7VGA1T,Dockers Men's Classic Fit Easy Khaki Pants (Regular and Big & Tall),Men
B07BJKT4ZB,Amazon Essentials Men's Slim-Fit Casual Stretch Chino Pant,Men
B0CLL68CBS,Floerns Men's Classic Fit Flat Front Dress Pants Office Business Trousers,Men
B07BJT1V5K,Amazon Essentials Mens Straight-Fit Casual Stretch Chino Pants,Men
B07JHY96QC,Amazon Essentials Men's Athletic-Fit Casual Stretch Chino Pant (Available in Big & Tall),Men
B07FH9W2J7,Amazon Essentials Men's Straight-Fit Wrinkle-Resistant Flat-Front Chino Pant,Men
B07848QFW3,Dockers Men's Classic Fit Signature Khaki Lux Cotton Stretch Pants,Men
B0CLL5X2V5,Floerns Men's Slant Pocket Tailored Pants Work Office Fold Pleated Trousers,Men
B07JVL5CW2,Plaid&Plain Men's Skinny Stretchy Khaki Pants Colored Pants Slim Fit Slacks Tapered Trousers,Men
B07NX8H7QZ,Haggar Men's Iron Free Premium Khaki Classic Fit Pleat Front Expandable Waist Casual Pant (Regular and Big & Tall Sizes),Men
B0DJKR8WY6,JMIERR Mens Cotton Pants Casual Elastic Waist Drawstring Lightweight Summer Beach Trousers with Pockets,Men
B0BQQJMVKJ,"Libin Mens Golf Pants Stretch Work Dress Pants 30""/32""/34"" Quick Dry Lightweight Casual Comfy Trousers with Pockets",Sport Specific Clothing
B0DJQWS3VY,COOFANDY Men's Casual Linen Cotton Pants Elastic Waist Summer Beach Trousers Lightweight Yoga Vacation Pants,Sport Specific Clothing
B01MSUQY5T,Haggar Men's Cool 18 Pro Classic Fit Pleat Front Hidden Expandable Waist Pant (Regular and Big & Tall Sizes),Men
B00YKRP324,Dockers Men's Relaxed Fit Comfort Khaki Pants - Pleated,Men
B0D5WLQ9FZ,OYOANGLE Men's Pleated High Waist Wide Leg Pants Loose Fit Casual Pants with Pocket,Men
B0D4DXQBF1,JMIERR Men's Casual Pants Cotton Twill Drawstring Elastic Waist Chino Pants with Pockets,Men
B0DPZQCX42,Mens Pants Wool Tweed Herringbone Vintage Dress Pant Trousers Regular Fit Suit Pants for Men,Men
B0D7W4SRZ8,PJ PAUL JONES Men's Vintage Pants Stretch Herringbone Knit Pleated Pants Casual Business Suit Trousers,Men
B08R652XRB,Sailwind Men's Drawstring Linen Pants Casual Summer Beach Loose Trousers,Men
B0D8TGP38Y,JMIERR Men's Chino Pants Casual Stretch Waist Tapered Trousers with Pockets,Men
B0CNGR3PSB,COOFANDY Mens Dress Pants Expandable Waist Wrinkle Free Suit Pants Flat Front Casual Dress Slacks,Men
B01JZ0XPDE,Hoerev Men Casual Beach Trousers Linen Summer Pants,Men
B07NSQNLPB,Tommy Hilfiger Chino Pants Custom Fit,Men
B0D59TM92S,COOFANDY Men's Knit Sweatpants Lightweight Open Bottom Casual Pants Drawstring Jogger Yoga Pants with Pockets,Men
B09QYBYFTP,Soojun Men's Classic Fit Flex Waist Flat Front Dress Pant,Men
B09Q618MMY,Mens Chinos Slim Fit Pants Flat Front Stretch Skinny Tapered Dress Pants Comfort Casual Solid Trousers,Men
B001NSEC9I,Haggar Men's Hidden Expandable Waistband Classic Fit Pleated Front Gabardine Dress Pant,Men
B0CN68233N,Floerns Men's Fold Pleated Tailored Pants Work Office Business Trousers Pants,Men
B01N28YIF8,Haggar Men's Casual Classic Fit Denim Trouser Pant-Regular and Big & Tall Sizes,Men
B07HNTS427,"Calvin Klein Men's Modern Fit Dress Pants | Suit Pants for Men | Performance Stretch Fabric, Flat Front, Ready-to-Wear",Men
B096YQ5KTS,Amazon Essentials Men's Classic-Fit Expandable-Waist Pleated Dress Pant,Men
B096YLM4CK,Amazon Essentials mens Straight-fit Stretch Golf Pant,Sport Specific Clothing
B0DNF5CRSK,OYOANGLE Men's Baggy Wide Leg Pants Zipper Fly Pleated Trousers Business Casual Dress Pants with Pocket,Men
B06XD4BK82,"Hanes, EcoSmart Fleece Sweats for Men, Open Bottom Sweatpants, 30.5""",Men
B0D36NX7KC,Dickies Men's Original 874 Work Pants,Men
B08JGBB9N1,BALENNZ Athletic Shorts for Men with Pockets and Elastic Waistband Quick Dry Activewear,Men
B0CRHF41F7,5 Pack Athletic Gym Mens Shorts - Workout Black Quick Dry Basketball Shorts with Pockets for Running Casual Activewear,Men
B085NF55WL,COOFANDY Men's 2 Pack Gym Workout Shorts 7 Inch Quick Dry Athletic Shorts Lightweight Running Shorts with Pockets,Men
B07HNWC5LC,Wrangler Authentics Men's Classic Cargo Stretch Short,Men
B0BLKKW3M4,JMIERR Mens Casual Shorts - Cotton Drawstring Summer Beach Stretch Twill Chino Golf Shorts,Men
B08TB5KMQ8,Lee Men's Extreme Motion Carolina Cargo Short,Men
B0CRRF28SH,3 Pack Gym Basketball Mens Shorts - Quick Dry Black Workout Athletic Shorts with Pockets for Casual Running (S-6XL),Men
B0BWNHZCCR,NY Threads Men's Athletic Shorts Quick Dry Loose-Fit Lightweight Running Workout Gym Shorts with Pockets,Men
B096YJ8663,Amazon Essentials Men's Classic-Fit Stretch Golf Short (Available in Big & Tall),Sport Specific Clothing
B0CSQGX6CZ,Wrangler Authentics Authentics Men's Flat Front Short,Men
B00BBW2XZG,Dockers Men's Perfect Classic Fit Shorts (Regular and Big & Tall),Men
B07BPPGDWH,Nike Dri-FIT Icon,Men
B08D2TC7BT,5 Pack Men's Active Quick Dry Fit Shorts - Athletic Running Gym Workout Casual Shorts with Pockets Bulk,Men
B00CAXS2Q4,"Hanes Men's Boxers, Cotton Knit Comfortable Boxer Underwear, Moisture-wicking Cotton Boxers, 5-pack",Men
B08GZL48D9,"Fruit of the Loom Men's Tag Free Woven Boxer Shorts, Relaxed Fit, Moisture Wicking, Assorted Color Multipacks",Men
B09PYTB8SD,"Men's 5"" Running Shorts 2 Pack Quick Dry Athletic Workout Gym Shorts with Zipper Pockets",Men
B01AK7Z1ZG,"Champion Men's Sport Shorts, Moisture Wicking, Athletic Shorts, Gym Shorts (Reg. Or Big & Tall)",Sport Specific Clothing
B07NDP7ZTX,Real Essentials 5 Pack: Men's Mesh Athletic Basketball Shorts Quick Dry Activewear with Pockets,Men
B08LT8LY5N,"Ultra Performance Mens 5 Pack Athletic Running Shorts, Basketball Gym Workout Shorts for Men with Zippered Pockets",Men
B0728KK8VK,"Amazon Essentials Men's Performance Tech Loose-Fit Shorts (Available in Big & Tall), Pack of 2",Men
B0CQ1MZ1FP,adidas Men's Adi Advantage Golf Shorts,Men
B01JQTRMEC,Amazon Essentials Men's Classic-Fit Cargo Short (Available in Big & Tall),Men
B09LSJKWMV,Lee Men's Extreme Motion Crossroad Cargo Short,Men
B0BFDRQLNC,"NORTHYARD Men's Athletic Running Shorts Quick Dry Workout Shorts 7""/ 5""/ 9"" Lightweight Sports Gym Basketball Shorts Hiking",Men
B00XKYM2AE,Wrangler Authentics Men's Premium Twill Cargo Short,Men
B08FBLCCWT,"Fruit of the Loom Men's Tag Free Knit Boxer Shorts, Relaxed Fit, Moisture Wicking, Assorted Color Multipacks",Men
B094JKXP76,TELALEO 6 or 5 Pack Compression Shorts for Men Spandex Sport Shorts Athletic Workout Running Performance Baselayer Underwear,Men
B016Y8268U,Lee Men's Extreme Motion Flat Front Short,Men
B082TJ32DM,Volcom Men's Vmonty Stretch 22,Men
B08JTQP6VY,Men's Athletic Shorts with Pockets and Elastic Waistband Quick Dry Activewear Workout Shorts for Men,Men
B0151E6WTW,"Hanes Men's Athletic Shorts, Favorite Cotton Jersey Shorts, Pull-On Knit Shorts with Pockets, Knit Gym Shorts, 7.5"" Inseam",Men
B0BQQYDHLG,JMIERR Mens Casual Twill Cargo Shorts Cotton Drawstring Classic Cargo Stretch Short with 6 Pockets,Men
B07PPXVTXJ,Under Armour Men's Tech Golf Shorts,Men
B09WCWZPLD,Under Armour Men's Tech Graphic Shorts,Men
B0BLRWCWCB,CRZ YOGA Men's Linerless Workout Shorts - 5'' Lightweight Quick Dry for Running Sports Athletic Gym with Pockets,Men
B0DMRJYXLP,7 Pack Mens Athletic Shorts - Gym Basketball Running Workout Quick Dry Black Shorts with Pockets for Casual Performance,Men
B088GTRQY8,Volcom Men's Vmonty Chino Shorts,Men
B09M6RJCRV,ELETOP Men's Swim Trunks Quick Dry Bathing Suit Swimming Board Shorts Mesh Lining Beach Swimwear,Men
B000J9YQOS,"Champion Men's Shorts, Men's Mesh Gym Shorts, Lightweight Athletic Shorts (Reg. Or Big & Tall)",Sport Specific Clothing
B08Q86H92W,"Dockers Men's Perfect Classic Fit 8"" Shorts",Men
B07R1J9J3J,"MIER Men's Workout Running Shorts Quick Dry Active 5 Inches Shorts with Pockets, Lightweight, Breathable",Sport Specific Clothing
B07RDL93KQ,"Hanes Mens 2 Pack Cotton Sleep Short, 7.5"" Inseam, Comfortable and Breathable, Assorted Colors",Men
B0B1LX9FGW,"Pudolla Men's Hiking Cargo Shorts 9"" Lightweight Outdoor Work Shorts for Men Travel Golf Camping Casual with 5 Zipper Pockets",Sport Specific Clothing
B09VBK13ZV,"maamgic Mens 5"" Gym Running Shorts for Men 2 in 1 Quick Dry Workout Athletic Shorts",Men
B09CGWK6PR,CRZ YOGA Men's Linerless Workout Shorts - 7'' Quick Dry for Running Sports Athletic Gym with Pockets,Men
B075MXZ12G,Wrangler Authentics Men's Performance Comfort Flex Cargo Short,Men
B0BLYVSVTL,maamgic Men's 5/7 Inseam Shorts Casual Classic Fit Short Men with Multi-Pocket Mens Workout Shorts Hybrid Quick Dry Shorts,Men
B085C2KTNG,"Mens Swim Trunks Quick Dry Board Shorts with Mesh Lining, Breathable Fit Hawaii Beach Shorts Swimwear Bathing Suits",Men
B09L4N3BD7,EKLENTSON Men's Winter Jacket Thick Thermal Cotton Warm Fleece Lined Coat Trucker Lapel Work Cargo Jackets for Men,Men
B08SS8M9JT,Amazon Essentials Men's Packable Lightweight Water-Resistant Puffer Jacket (Available in Big & Tall),Clothing
B07S2D47L8,Carhartt Men's Relaxed Fit Washed Duck Sherpa-Lined Utility Jacket,Men
B07VPH7GTM,TACVASEN Men's Bomber Jacket Lightweight Casual Spring Fall Windbreaker Zip Up Coat with Pocket,Men
B08YRDNXJK,"33,000ft Men's Hooded Softshell Jacket Waterproof Lightweight Insulated Windbreaker Fleece Lined Rain Shell Jacket",Men
B07BN72SZ5,Amazon Essentials Men's Lightweight Water-Resistant Packable Hooded Puffer Jacket,Men
B0D3V242Q7,Men's Ski Jacket Warm Winter Snow Coat Waterproof Mountain Windbreaker Snowboarding Jacket Hooded for Hiking Traval,Sport Specific Clothing
B0B883C9XX,Rapoo Men's Winter Ski Snow Jacket Mountain Waterproof Windproof Rain Jacket,Sport Specific Clothing
B096YM16SV,Amazon Essentials Men's Full-Zip Fleece Jacket (Available in Big & Tall),Men
B07KWV1N5V,Springrain Men's Wool Blend Pea Coat Notched Collar Single Breasted Overcoat Warm Winter Trench Coat,Men
B00EUHD56A,Legendary Whitetails Journeyman Shirt Jacket Flannel Lined Shacket for Men Water-Resistant Coat Rugged Fall Clothing,Men
B07S2D56H6,Carhartt Men's Relaxed Fit Duck BlanketLined Detroit Jacket,Men
B08ZNZ9NFT,Calvin Klein mens Mid-weight Sherpa Lined Puffer,Men
B08PF4YNVQ,COOFANDY Mens Sport Coat Casual Blazer One Button Business Suit Jacket,Men
B0BPLX5T1S,MAGNIVIT Men's Lightweight Jackets Light Windbreaker Full Zip Up Stylish Golf Coat Business Work Casual Dress,Men
B08ZQM6Y2B,Calvin Klein Men's Full Zip Down Puffer Coat,Men
B0CKSXVKCQ,TBMPOY Men's Lightweight Jackets Casual Windbreaker Stylish Light Fall Spring Golf Work Dress Business,Men
B0D7ZT9VCM,Men's Mountain Winter Coat Warm Fleece Ski Snow Jacket Waterproof Raincoat with Hood,Sport Specific Clothing
B0921G7MCY,Calvin Klein Men's Snap Front Puffer Jacket,Men
B08BG7WRTG,Carhartt Men's Loose Fit Washed Duck Insulated Active Jacket,Men
B0B713424T,SPOSULEI Mens Skiing Jackets with Hoode Snowboarding Waterproof Fleece Liner Coats Windproof Winter Raincoat Multi Pockets,Sport Specific Clothing
B0CLSRB5CF,Columbia Men's Ascender Softshell Jacket,Men
B0792XJHZL,TACVASEN Men's Special Ops Military Tactical Rain Jackets Winter Warm Fleece Softshell Hooded Raincoat Snowboard,Men
B01BUGS7DO,Carhartt Men's Rain Defender Relaxed Fit Heavyweight Softshell Jacket,Men
B0BNVZFBQX,MAGCOMSEN Men's Winter Coats Water Resistant Ski Snow Jacket Warm Fleece Jacket Parka Raincoats With Multi-Pockets,Sport Specific Clothing
B0B2NTYHTK,Mens Lightweight Jacket Casual Bomber Jacket Varsity Coat,Men
B075M97YPB,chouyatou Men's Classic Notched Collar Double Breasted Wool Blend Pea Coat,Men
B008KWXQ38,LONDON FOG Men's Auburn Zip-Front Golf Jacket (Regular & Big-Tall Sizes),Men
B09LQSKLX8,MAGCOMSEN Men's Winter Jacket Lined Sherpa Jacket Warm Trucker Coat Multi Pocket,Men
B0B5NS9XXB,"The North Face Men's Flare 2 Insulated 550-Down Full Zip Puffer Jacket (Large, Tnf Black)",Men
B083W4JW26,COOFANDY Men's Rain Jacket with Hood Waterproof Lightweight Active Long Raincoat,Men
B07VQJ8QGP,TACVASEN Men's Jackets-Bomber Jacket Fall Winter Warm Windbreaker Full Zip Casual Padded Coats,Men
B0076R6L58,Columbia Steens Mountain™ Full Zip 2.0,Men
B01L0B0B24,Tommy Hilfiger Men's Down Alternative Hooded Puffer Jacket (Standard and Big & Tall),Men
B07ZHXGYVG,"MAGCOMSEN Men's Hooded Windproof Water Resistant Rain Jacket Windbreaker 5 Pockets for Hiking,Fishing,Travel",Men
B07GZX245D,INVACHI Men's Wool Blend Pea Coat Warm Winter Trench Coat with Detachable Soft Scarf Single Breasted Overcoat,Men
B0B4RXVVFG,CAMEL CROWN Men's Mountain Snow Waterproof Ski Jacket Detachable Hood Windproof Fleece Parka Rain Jacket Winter Coat,Sport Specific Clothing
B08BG8D5TR,Carhartt Men's Loose Fit Washed Duck Sherpa-Lined Coat,Men
B09J18SNGM,SOMTHRON Men's Casual Trench Coat Slim Fit Notched Collar Long Jacket Overcoat Single Breasted Pea Coat wih Pockets,Men
B09QRMVL84,GIISAM Mens Windproof Jacket Waterproof Lightweight Mountain Sport Jacket for Men Hooded Windbreaker Raincoat,Men
B07L57PG34,TACVASEN Men's Winter Jacket Cotton Military Jackets Fleece Lined Thick Work Warm Cargo Coats with Hooded,Men
B09BVPH8FX,QPNGRP Mens Waterproof Ski Snowboard Jacket Winter Windproof Snow Coat,Sport Specific Clothing
B0BBDTT6D4,KEFITEVD Men's Jacket Casual Windproof Bomber Jackets Full Zip Windbreaker Jackets Warm Winter Padded Coats Bomber Jackets,Men
B07PZ8M9H4,Amazon Essentials Men's Heavyweight Hooded Puffer Coat,Men
B082F1D3Z6,Outdoor Ventures Men's Lightweight Packable Puffer Winter Jacket Insulated Puffy Coat for Snow Ski Hiking Travel,Men
B01LXS51OS,LONDON FOG Men's Wool Blend Car Coat with Bib,Men
B09YPRWH1T,SCODI Men's Flannel Shirt Jacket Fleece Sherpa Lined Plaid Jackets Coat Full Zip Up Hoodie Winter Outwear,Men
B0DGB7H1MB,Wrangler Men's Quilted Lined Jacket with Sherpa Hood,Men
B0CN2VVBV6,6 Pack Men's Quick Dry Long Sleeve Shirts Moisture Wicking Sun Protection Performance T-Shirt for Casual Workout,Men
B087G2XPB2,Workout Shirts for Men Short Sleeve Quick Dry Athletic Gym Active T Shirt Moisture Wicking,Men
B0CT3HL8KK,"3 Pack Mens Athletic Sweatpants with Zipper Pockets,Workout Gym Joggers Pants for Men Running Jogging Pants",Men
B07DRN7QQD,Real Essentials 5 Pack: Men's Short Sleeve Dry Fit Active Crew Neck T Shirt - Athletic Running Gym Workout Tee Tops,Men
B09H79QJSH,"G Gradual Men's Sweatpants with Zipper Pockets Tapered Joggers for Men Athletic Pants for Workout, Jogging, Running",Men
B08P1NVJDW,"G Gradual Men's Sweatpants with Zipper Pockets Athletic Pants Traning Track Pants Joggers for Men Soccer, Running, Workout",Men
B0785VV446,Under Armour Men's Tech 2.0 Short-Sleeve T-Shirt,Men
B09KWY2C3W,Real Essentials 3 Pack: Men's Mesh Athletic Gym Workout Lounge Open Bottom Sweatpants with Pockets (Available in Big & Tall),Men
B07815BYTV,Under Armour Men's Tech 2.0 V-Neck Short-Sleeve T-Shirt,Men
B01GH5KNR6,Under Armour Men's Tech Golf Polo,Men
B09CD5QCJJ,LBL Leading the Better Life Men's Sweat Suit 2 Piece Outfit Casual Contrast Sports Jogging Tracksuits Set,Men
B0B728NH19,5 Pack Men's Active Quick Dry Crew Neck T Shirts | Athletic Running Gym Workout Short Sleeve Tee Tops Bulk,Men
B00JUM4CT4,Hanes Men's EcoSmart Fleece Full-Zip Hoodie Sweatshirt,Men
B01L8JJ5KC,"Hanes Men's EcoSmart Fleece, Pullover Crewneck Sweatshirt, 1 or 2 Pack",Men
B01M2ZRGN4,Under Armour Men's Sportstyle Tricot Joggers,Men
B07HDLPVLH,"Hanes Men's Ecosmart Jogger Sweatpants, Men's Midweight Fleece Lounge Pants, 30.5",Men
B01L9H7IS4,"Hanes Sport Xtemp Workout Pockets, Men's Training Pants",Men
B00JUM2V8I,Hanes Men's EcoSmart Fleece Hoodie Sweatshirt,Men
B08LTC498Q,"Ultra Performance 3 Pack Fleece Active Tech Joggers for Men, Mens Sweatpants with Zipper Pockets",Men
B07NWY7XK9,Real Essentials 4 Pack: Men's Dry-Fit UV Moisture Wicking UPF 50+ SPF Sun Protective Fishing Hiking Active Long Sleeve Shirt,Men
B077XM54L9,Under Armour Men's Sportstyle Left Chest Short Sleeve T-Shirt,Men
B06XCQSPKL,"Hanes, EcoSmart Fleece Sweats for Men, Open Bottom Sweatpants, 30.5""",Men
B09XH244ZF,adidas Men's Sportswear Basic 3-stripes Tricot Track Suit,Men
B07H5QPL1R,5 Pack Men's Active Quick Dry Fit Shorts - Athletic Running Gym Workout Casual Shorts with Pockets Bulk,Men
B096QFTC9Q,"Mens Sweatpants with Zipper Pockets Open Bottom Athletic Pants for Workout,Running,Training,Jogging,Gym",Men
B0CSJ76HVN,5 Pack Mesh Workout Shirts for Men Dry Fit Gym Shirts Quick Dry Athletic Short Sleeve T-Shirt Moisture Wicking,Men
B0874V8THD,Under Armour Men's HeatGear Compression Long-Sleeve T-Shirt,Men
B00H383N8I,"Jerzees Men's Dri-Power Cotton Blend Long Sleeve Tees, Moisture Wicking, Odor Protection, UPF 30+, Sizes S-3x",Men
B07PNRZFKQ,Under Armour Men's Woven Vital Pants,Men
B08JTWR1S3,Men's Athletic Shorts with Pockets and Elastic Waistband Quick Dry Activewear Workout Shorts for Men,Men
B01H7HOS6U,"Champion Men's Joggers, Powerblend, Fleece Joggers, Comfortable Sweatpants for Men (Reg. or Big & Tall)",Men
B073R217LC,"Champion Men's Joggers, Lightweight Lounge Pants, Jersey Graphic Pants for Men, 31""",Men
B08MLNXBCB,adidas Men's Essentials 3-Stripes Tricot Jogger Pants,Men
B01DOLE1QA,"Hanes Essentials Sweatpants, Men's Cotton Jersey Pants with Pockets, 33""",Men
B01M0DR0HO,"Gildan Adult Fleece Open Bottom Sweatpants with Pockets, Style G18300",Men
B09ZD9WFGM,PURE CHAMP Mens 3 Pack Fleece Active Athletic Workout Jogger Sweatpants for Men with Zipper Pocket and Drawstring Size S-3XL,Men
B08ML4W3X1,adidas Men's Essentials Warm-Up Open Hem 3-Stripes Tracksuit Pants,Men
B08HPT1516,Nike Club Men's Training Joggers,Men
B0B59KV3WS,4-7 Pack Long Sleeve Shirts for Men Quick Dry Moisture Wicking Mens Long Sleeve Tee Shirts Workout T Shirts,Men
B091MKD517,adidas Men's Entrada 22 Shorts,Men
B08PYH5PCC,MEN'S NIKE THERMA PULLOVER HOODIE,Men
B077XQ3L5L,Under Armour Men's Tech 2.0 Long-Sleeve T-Shirt,Men
B000U62IYK,"Russell Athletic Men's Dri Power Fleece Open Bottom Sweatpants with Pockets, Relaxed Fit, Moisture Wicking",Men
B07YHG62J6,THE GYM PEOPLE Mens' Fleece Joggers Pants with Deep Pockets in Loose-fit Style,Men
B09FCBZ4YK,"Hanes Men's Underwear Boxer Briefs, Cotton Stretch Moisture-Wicking Underwear, Multi-pack",Men
B00PWP0JFO,"Hanes Men's Boxer Briefs, Soft and Breathable Cotton Underwear with ComfortFlex Waistband, Multipack",Men
B077ZG222Z,"Gildan Mens Underwear Boxer Briefs, Multipack",Men
B00CAXQYMS,"Hanes Men's Underwear Boxer Briefs Pack, Cotton ComfortSoft Boxer Brief for Men, Moisture-Wicking Breathable, Multipack",Men
B00VTV5XU6,"Fruit of the Loom Men's Cotton Briefs, Tag Free & Moisture Wicking, Assorted Color Multipacks",Men
B08CZZZB1N,"Fruit of the Loom Men's Coolzone Boxer Briefs, Moisture Wicking & Breathable, Assorted Color Multipacks",Men
B082DLPZTR,Levi's Mens Boxer Briefs Breathable Stretch Underwear 4 Pack,Men
B0B34WQ6L2,POLO RALPH LAUREN Men's Athletic Performance Cotton Crew Socks - 6 Pair Pack - Moisture Wicking Mesh,Men
B09PF7NPPZ,Champion Men's Every Day Comfort Stretch Cotton Boxer Briefs,Men
B07JDGJ4P2,"Gildan Men's Underwear Covered Waistband Boxer Briefs, Multipack",Men
B00IO9H6QU,Hanes Men's Double Tough Ankle Socks,Men
B07XJ6M8GT,"Amazon Essentials Mens Underwear Boxer Briefs, Comfortable Cotton, Tag-Free, Pack of 5",Men
B077SVB38N,5Mayi Mens Underwear Boxer Briefs Cotton Men's Boxer Briefs Underwear Men Pack,Men
B07QZZ1LSG,"New Balance Men's 6"" Premium Performance Boxer Brief with Fly Front (3 Pack)",Men
B0D6NJP2H4,"Hanes Men's Moves Performance Boxer Brief, Total Support Pouch, Regular, Trunk, and Long Leg, 3-Pack",Men
B0D2JCJRFT,Handcraft Mens Underwear Funny Gifts for Men Chucky Cookie Monster Rick and Morty Scooby Doo Tom and Jerry Boxers for Men,Men
B00G99WZJU,"Hanes Men's Tagless Boxer Underwear, Exposed Waistband, Multi-packs Available",Men
B07KQVKMPP,"Gildan Men's Underwear Boxers, Multipack",Men
B09KMB7QB4,"Dickies 5 Pack Mens Boxer Briefs With Pouch, Moisture Wicking Performance Underwear For Men",Men
B0BV8JC4SS,True Religion Mens Boxer Briefs Cotton Stretch Underwear for Men Pack of 4,Men
B00ACIGNMY,"Hanes Men's Tagless Briefs, Soft Moisture Wicking Underwear, Tagless, 7-pack",Men
B08QBDWX2C,"Lacoste Men's Cotton Stretch Big Croc Print Boxer Briefs, 3-Pack",Men
B0DP8B4LBQ,"Men's Disposable Underwear and socks, 14 Pack Cotton Briefs Panties and Crew Socks for Travel, Spa, Hospital Stays",Men
B000SKI752,Hanes Men's 6-12 6-Pack Cushion Crew Socks,Men
B07QPVWZKK,Nautica Men's Cotton Woven 3 Pack Boxer,Men
B08NMPSNZ4,Levi's Mens Underwear Microfiber Boxer Brief for Men Ultra Soft 4 Pack,Men
B08DP681C4,"Fruit of the Loom Men's Breathable Boxer Briefs, Moisture Wicking Underwear, Assorted Color Multipacks",Men
B0B34QD8XV,POLO RALPH LAUREN Classic Sport Solid Ankle Socks - 6 Pair Pack - Athletic Cushioned Cotton,Men
B0B47TJ3TN,"POLO RALPH LAUREN Men's 4D Flex Cooling Microfiber Boxer Briefs & Long Leg Boxer Briefs, 3 Pack",Men
B0BRXJV1PP,ABAFIP Men's Sissy Skirted Thong Panties Bowknot Low Rise G-string Bikini Briefs Underwear with 4 Gaters Belt,Men
B0B1WMKNM5,"Mens Underwear Cotton Boxer Briefs Comfy Breathable 6"" Underwear Tagless Wide Waistband Boxer Briefs Multipack",Men
B08L8HGG6T,"Pair of Thieves Men's Athletic Cotton Low-Cut Socks - 6-Pack Cushioned Comfort Socks for Sports, Work & Casual Wear",Men
B09RQY638M,Pair of Thieves Soft Cotton Boxer Briefs for Men Pack (4 & 8 Pack) - Tagless Underwear for Men Pack,Men
B09T9H75NQ,"Custom Mens Underwear Boxer Briefs, Socks with Faces on Them Custom Gifts for Boyfriend & Husband",Men
B0B34WC9KB,POLO RALPH LAUREN mens Athletic Performance Cotton Ankle Socks - 6 Pair Pack - Moisture Wicking Mesh,Men
B07C8C786Y,INNERSY Men's Boxer Briefs Cotton Stretchy Underwear 7 Pack for a Week,Men
B086KKT44V,"New Balance Men's 5"" Performance No Fly Boxer Brief (4 Pack)",Men
B07JQ12R59,Polo Ralph Lauren Men's Ribbed Casual Crew Socks -3 Pair Pack- Cotton Comfort & Heel-toe Reinforcement,Men
B09R7YKSM1,"Hanes Men's Total Support Pouch Boxer Briefs, X-Temp Cooling, Moisture-Wicking Underwear, Regular, Long-leg and Trunk, 3-Pack",Men
B00IO9JCY4,Hanes Men's FreshIQ Over The Calf Tube Socks (Pack of 12),Men
B0B34TX2T2,Polo Ralph Lauren Men's Argyle Pattern Dress Crew Socks - 3 Pair Pack - Soft Lightweight Cotton Comfort,Men
B084HFMYG3,"Gildan Men's Underwear Cotton Stretch Boxer Briefs, Multipack",Men
B0D3659J5K,JOYNÉE 20 Pairs Mens No Show Socks Low Cut Ankle Socks Short Casual Socks,Men
B086KKT23M,"Hanes Men's Moisture-Wicking Cotton Briefs, Available in White and Black, Multi-Packs Available",Men
B0B34Z57RW,True Religion Mens Boxer Briefs Cotton Stretch Underwear for Men Pack of 6,Men
B07DBS6VLL,Hanes Men's X-Temp 12-Pack Active Cool Crew Socks,Men
B0C523G7RV,HUGO mens Underwear Gift Set With Trunk and Quarter Length Socks,Men
B09XBV1X8S,Under Armour Men's Charged Assert 10 Running Shoe,Men
B087YQCWKG,Under Armour Men's Charged Assert 9 Running Shoe,Men
B01G3LZ0IG,PUMA Mens Tazon 6 Cross Trainer,Men
B0BHPRRS6C,adidas Men's Swift Run Sneaker,Men
B0CKMDL9T3,adidas Men's Daily 4.0 Sneaker,Men
B08KL9BZ17,PUMA Men's Axelion Cross Trainer,Men
B0BHPWC1VJ,adidas Men's Racer TR23 Sneaker,Men
B08MQWFCVF,Tommy Hilfiger Men's Brecon,Men
B0BY9YZMW6,Skechers Men's Garza Gervin Slip in,Men
B0C73MZF8M,LARNMERN Mens Non Slip Work Shoes Slip On Water Resistant Walking Sneakers Zapatos Trabajo Waterproof Food Service Chef Kitchen,Men
B0C4T5L78D,Skechers USA Men's Slip-ins: Delson 3.0-Roth Loafer,Men
B07ZSCB99R,adidas Men's Daily 3.0 Sneaker,Men
B07B41HCNS,New Balance Men's 608 V5 Casual Comfort Cross Trainer,Men
B0CKMCTKJ4,adidas Men's Lite Racer Adapt 7.0 Sneaker,Men
B09NMJ14NP,Nike Men's Running Shoe,Men
B0B47NGW9D,ASICS Men's Gel-Venture 9 Running Shoes,Men
B0BX3WHZ8R,Skechers Men's Hands Free Slip-ins Summits High Range Sneaker,Men
B0BHPSXR7X,adidas Men's Kaptir 3.0 Sneaker,Men
B005OLALQI,PUMA Men's Roma Sneaker,Men
B00SMJOETO,Clarks Men's Tilden Cap Oxford,Men
B07PQSW7V9,Lugz Men's Clipper Fashion Sneaker,Men
B07FBKFTJG,Skechers Men's Cessnock Food Service Shoe,Men
B0D1B42GVJ,Mens Running Shoes Fashion Sneakers Tennis Walking Shoes Lightweight Athletic Gym Workout Shoes,Men
B0BYB5NPFN,Skechers Men's Respected Holmgren Slip in,Men
B00D881IBG,Skechers Men's Afterburn Memory Fit Lace-up Sneaker,Men
B0BYTDW4QR,Brooks Men's Ghost Max Cushion Neutral Running & Walking Shoe,Men
B07ZLM669B,Bruno Marc Men's KnitFlex Breeze Mesh Sneakers Oxfords Lace-Up Lightweight Casual Walking Shoes,Men
B0CQTL7R2J,Brooks Men's Adrenaline GTS 24 Supportive Running Shoe,Men
B091M4492K,adidas Men's Hoops 3.0 Mid Sneaker,Men
B07RFNMYS4,Nike Men's Flex Control TR3 Sneaker,Men
B0CKML13D6,adidas Unisex Adult Samba Indoor Soccer Shoe,Men
B073T4FJS1,Bruno Marc Men's Slip on Dress Loafers Formal Shoes,Men
B0B2F3PM2R,On Men's Cloud X 3 Shift Sneakers,Men
B0777YX2L3,Skechers Men's Nampa groton,Men
B0CS2YYTM4,"Hey Dude Wally Stretch Sox, Men's Shoes, Men's Slip-on Loafers, Comfortable & Light-Weight",Men
B0B3TBJ79D,VILOCY Men's Casual Dress Sneakers Oxfords Business Mesh Breathable Walking Shoes Tennis Comfortable,Men
B0CN854MLC,ASICS Men's Gel-Nimbus 26 Running Shoes,Men
B000W93PX8,Rockport Men's Eureka Walking Shoe,Men
B072FBNZHL,Skechers Men's Go Walk Max Slip-On Shoes,Men
B00MU2OR3W,Skechers Men's Expected Avillo Relaxed-Fit Slip-On Loafer,Men
B01IA6CJ36,Skechers Men's Cankton Steel Toe Construction Shoe,Men
B0C7Y5S23T,Levi's Men's Carter Nb Sneaker,Men
B0B7RKW1X6,On Men's Cloudgo Sneakers,Men
B07GPPKNRV,Skechers Men's Moreno Ederson Oxford,Men
B078HZRH3L,Cole Haan Mens 2.Zerogrand Laser Wingtip Oxford,Men
B0BMTMZCHT,Brooks Men's Trace 3 Neutral Running Shoe,Men
B001NZCXNI,Merrell Men's Jungle Leather Slip-On Shoe,Men
B07DPCDSWS,Reebok Unisex Adult Club C 85 Vintage,Men
B0BTX2DWV1,Women's Cotton Printed Blue Anarkali Kurta With Palazzo & Dupatta,Women
B0BV7HNMJ2,Steel Blue Cotton Straight Kurta Palazzo Suit Set,Women
B0CTZZP8LN,Women's Light Green Floral Printed Cotton Straight Kurta,Women
B0CQG4FZ5M,SIRIL Women's Crepe Printed Straight Kurta Set with Dupatta,Sin categoría
B0C8MZ6VQ1,KISAH Men's Cream Jacquard Indowestern Sherwani Kurta & Pajama Set – Mandarin Collar | Indian Wedding & Festive Wear,Men
B0C8MYJMTG,"KISAH Men's Jacquard Indowestern Sherwani & Pajama Set - Regular Fit, Mandarin Collar |Indian Ethnic Wedding & Festive Wear",Men
B0BS193562,"Men Ethnic Gold Leaves 100% pure Jacquard Kurta & Aladdin salwar special for EID, In Panjabi Style",Men
B0CD2K7KKG,KISAH Men's Jacquard Indowestern Sherwani & Pajama Set - Regular Fit|Indian Ethnic Wedding & Festive Wear for Men,Men
B0C8MT7B74,"KISAH Men's Indo-Western Kurta Sherwani Churidar Set Cotton Full Sleaves, Straight, Ethnic Wear | Traditional Wear for Men",Men
B0CPF94HN3,Men's Navy Blue Silk Blend Sherwani Set | Imported Fabric Designer Indowestern and Pant style Pyjama,Men
B0CG6JHZT8,KISAH Men's Jacquard Indowestern Sherwani & Pajama Set - Regular Fit|Indian Ethnic Wedding & Festive Wear for Men,Men
B0CD2JYPGB,KISAH Men's Jacquard Indowestern Sherwani Kurta & Dhoti Set - Regular Fit|Indian Ethnic & Festive Wear,Men
B0CYPN3HCB,KISAH Men's Jacquard Indowestern Sherwani Pajama Set – Mandarin Collar | Indian Wedding & Festive Wear,Men
B0CD2J212W,"KISAH Men's Printed Sherwani Kurta & Pajama Set - Regular Fit, Mandarin Collar| Ethnic Wear Mens Wear, Blue, 40",Men
B0CSG34RQS,"KISAH Men's Kurta Indo Western Sherwani Trouser Set, Navy Blue Jacquard, Woven Regular Fit| Traditional Wear for Men",Men
B0CG6CV5J2,KISAH Men's Jacquard Indowestern Sherwani & Pajama Set - Regular Fit|Indian Ethnic Wedding & Festive Wear for Men,Men
B0C8N1C4BG,KISAH Men's Jacquard Indowestern Sherwani Pajama Set – Mandarin Collar | Indian Wedding & Festive Wear,Men
B07P7XLJDF,"Royal Kurta Mens Polyviscose Bandhgala Kneelong Sherwani (40, Black)",Men
B01C7KBKJU,Men's Cotton Welcro Pocket Dhoti 32 White,Sin categoría
B01EX7UGI6,Exotic India Afterglow Dhoti and Angavastram Set from Kashi with Wov - Off-White,Men
B08DD9LQ9S,"Mens Single (1.28 X 2.00 mtrs) Colour Thalathi Border Dhoties for mens/fine quality Single Dhoties for men's, WHITE, 1.28x2.00 mtrs",Men
B07VCLR2ZS,"Mens White Single (4Mulam) Cotton Dhoti with Jari Border (Pack of 1 Dhoti, Size- 1.30X2.00 Mtrs)",Men
B0DFVMT38X,"Rameshwaram Fabrics Men's Readymade Elastic Silk Dhoti, Comfortable Pre-Stitched Dhothi",Sin categoría
B0D6VDRSKS,Men's Polycotton Temple Wear Dhoti with Angavastharam Towel,Men
B09KVJHLKV,"Rameshwaram Fabrics Men's Silk Ready to Wear Dhoti for men (Readymade Dhoti Pant with Dupatta), Suitable with Kurta, Free Size, Cream, Free Size",Men
B08CCY61FS,"Paramsukh Dhoti's, Full Length, Men's Ethnic Wear, White (Pure Cotton)",Boys
B0C5LX7VCQ,"Rameshwaram Fabrics Men's Readymade Elastic Cotton Silk Dhoti for men, Free Size (Ready-to-wear-Dhoti), Cream, 42W x 34L",Costumes & Accessories
B09CVB14HY,"Men's Cotton Dhoti/Kerala Style Dhoti, 2.0meter (Pack of 2), Light Brown&Grey, Free Size",Costumes & Accessories
B07FDRXL7D,"Amazon Essentials Women's Classic-Fit Short-Sleeve Crewneck T-Shirt, Multipacks",Women
B0DS59CZZQ,GRACE KARIN Women's 2025 Summer Babydoll Tops Casual Crewneck Ruffle Sleeve Shirts Loose Fit Pleated Blouse Outfits,Women
B0CTFDQWZG,ZOCANIA Boho Floral Shirts for Women Long Sleeve Button Down V Neck Ethnic Tops Casual Plus Size Blouse Vintage Shirts,Women
B0DMFJZ8WQ,Minetom Women's T Shirts V Neck Short Sleeve Button Tops Summer Loose Fit Tee Blouse,Women
B0DKNGMKF4,BETTE BOUTIK Womens Summer Tunic Tops Short Sleeve Trendy Shirts Casual Blouse,Women
B0D8BFFRTF,Timeson Women's 3/4 Sleeve Tops Dressy Casual Business Work Blouses Chiffon Office Shirts,Women
B0D8KL1F4X,XIEERDUO 3/4 Length Sleeve Womens Tops Round Neck Casual Tunic Tops Basic Pleated Shirts Loose Fit 2025,Women
B0D5R497L8,Dokotoo Womens Tops Long Sleeve Lightweight Shirts 2025 Spring Fashion Trendy Tops Crewneck Casual Knit Basic Tee,Women
B0CSK8H46P,AUTOMET Womens Summer Tops Spring Shirts Trendy Vacation Outfits Short Sleeve Business Tshirts Fashion Casual Blouses,Women
B07SN9RS13,Women's Floral Print Puff Sleeve Kimono Cardigan Loose Cover Up Casual Blouse Tops,Women
B0CT5QSZJ5,Blooming Jelly Womens Summer Tank Top Sleeveless Business Casual Outfits 2025 Basic Loose Dressy Work Shirt,Women
B0D424DHPN,PGANDS Women's 3/4 Sleeve V Neck T Shirts Ruffle Sleeve Summer Casual Tops,Women
B0DNJFL4RN,Minetom Women's Rolled Up 3/4 Sleeve Tops V Neck T Shirts Button Side Blouses,Women
B0CQT39CX5,ZESICA Women's Short Sleeve V Neck T Shirts 2025 Summer Ribbed Knit Slim Fitted Basic Solid Color Tee Tops,Women
B0DYJ52MFG,Linen Tops for Women Casual 3/4 Sleeve Crewneck Casual Linen Shirts Summer Beach Solid Blouses Tunic Tops Plus Size,Women
B0BRRTHFMH,Blooming Jelly Women's Dressy Casual Tops Business Work Blouses White Button Down Shirts Cap Sleeve V Neck Tshirt,Women
B0D5Q2Y6G8,AUTOMET Long Sleeve Shirts Womens Pleated Business Casual Blouses with Smocked Cuffs,Women
B0CQL15PMH,OFEEFAN Womens T Shirts Short Sleeve Pleated Dressy Casual Scooped Neck Summer Tops Blouses,Women
B0D5H9N2TM,AUTOMET Womens Long Sleeve Shirts Pleated Crew Neck Casual Fall Fashion Tops Loose Fit Lightweight Girls Outfits Clothes,Women
B09NN25LWJ,TAOHUADAO Womens 2025 Summer 3/4 Sleeve Tunic Tops Chiffon Work Blouse V-Neck Dressy Casual Shirt,Women
B0DQ141MYK,Rapbin Summer Tops for Women 2025 Short Sleeve Lapel V Neck Blouses Business Work Casual Chiffon Tunics Tops for Leggings,Women
B09Q7Y2SJD,"Tralilbee Women's Plus Size Tops Casual Blouse Short Sleeve Lace Crochet Tunic Tops, M-4XL",Women
B0BQYQGS1R,Timeson Women's Short Sleeve Chiffon Blouses for Office Work Business Attire Collared Shirts,Women
B0D2QBLKD5,Dokotoo Women's Tops Dressy Casual V Neck Long Sleeve Buttons Hollow Out Lace Embroidered Blouses Shirts,Women
B0CMXQ3RVS,Dokotoo Women's Short Puff Sleeve Knit Tops 2025 Trendy Crewneck Striped T Shirts Casual Summer Blouses,Women
B0BS9CPLRT,Blooming Jelly Womens Dressy Casual Tops Ruffle Short Sleeve V Neck Shirts Elegant Business Work Blouse,Women
B0CBJH8DMC,Blooming Jelly Women's Dressy Casual Blouses Business Work Tops Long Sleeve V Neck Pleated Shirts 2025 Fall Outfits,Women
B0D5MD33D9,MEROKEETY Women's 3/4 Sleeve Tops Dressy Casual Crew Neck Color Block Loose Trendy Blouses T Shirts,Women
B0D4ZDZL1P,AUTOMET Womens Long Sleeve Shirts Lace Tops Business Casual Fall Fashion Outfits Clothes Knitted Y2k Blouses,Women
B09MJF72CL,Blooming Jelly Womens White Blouse V Neck Ruffle Sleeve Flowy Shirts Dressy Casual Cute Summer Tops,Women
B0CYC659P1,AUTOMET Womens Summer Tops Going Out Workout Outfits Spring T Shirts Business Casual Dressy Fashion Trendy Clothes 2025,Women
B0CV3JSJW8,Womens Tops Casual 3/4 Sleeve Shirts Crew Neck Loose Casual Blouses Floral Print Tshirts,Women
B0D8Y31CHN,AUTOMET Womens Long Sleeve Shirts V-Neck Lace Tops Business Casual Blouses Tee Trendy 2025 Fall Fashion Outfits Clothes,Women
B0CLQXF321,LOMON 3/4 Length Sleeve Womens Tops Summer Loose V-Neck Eyelet T-Shirts Dressy Casual Ruffle Sleeve Tunic Blouses,Women
B0DNJPR74Y,LOMON Women's 2025 Fashion Tops 3/4 Length Sleeve Business Casual Blouses Summer Tees Shirts,Women
B0DK5J19P7,Heymiss Womens Tops 3/4 Sleeve V Neck Shirts Loose Casual Tunic Blouses Criss Cross Summer Tshirts,Women
B0BXT8TFGS,MEROKEETY Women's Casual Cap Sleeve Lace Trim V Neck Tops 2025 Summer Loose Tee Shirts Blouse,Women
B0DK4ZXB1V,ANRABESS Womens Dressy Casual Tops Ruffle Short Sleeve V Neck Shirts Elegant Business Work Blouse,Women
B0BFCZSBTG,Dokotoo Womens Blouses Fashion Long Sleeve Shirts V Neck Business Casual Tops Spring Summer Outfits 2025,Women
B088CTB3KC,Adibosy Women Summer Casual Shirts: Short Sleeve Striped Tunic Tops - Womens Crew Neck Tee Tshirt Blouses,Women
B0C2C66MDB,JomeDesign Womens Tops 3/4 Sleeve Shirts Round Neck Loose Casual Blouses Floral Print Tshirts,Women
B0D585X1QC,Dokotoo Womens Tops 2025 Spring Color Block Long Sleeve Shirts V Neck Dressy Casual Blouses,Women
B0CP3MWJVH,Dokotoo Women's 2025 Fashion Tops 3/4 Sleeve T-Shirts Cute Crewneck Basic Business Tees Blouses,Women
B0CNXFQJZJ,EVALESS Womens Short Sleeve Textured Tops Crewneck Knit Solid Loose Casual Basic T Shirts Tee Blouses,Women
B0D5XZ73ZP,PRETTYGARDEN Women's Dressy Casual Lace Blouse Long Sleeve Button Up Shirts Tops Spring Fall Fashion Clothes,Women
B0D4QCZFTP,Zeagoo Women's Puff Long Sleeve Shirts Pleated V Neck Fall Tunic Tops Blouse Dressy Causal Loose Summer T-Shirts,Women
B0BHLYZTHH,CUPSHE Women Eyelet Long Sleeve Tops Shirts Dressy Hollow Out Crochet Lace Embroidered Blouses 2025 Fashion,Women
B0BLVKGCD7,BTFBM Women's Summer Boho Shirt Top Ruffle Short Sleeve Frill Trim Mock Neck Floral Solid 2025 Casual Blouses Shirts Tops,Women
B0D5DG4KCT,Micoson Womens Tops Dressy Casual Long Sleeve Business Shirts V Neck Pleated Work Blouses Loose Fit Fall Trendy Knit Top,Women
B0DRJ7HB8Y,XIEERDUO 3/4 Length Sleeve Womens Tops Dressy Casual Blouses for Women 2025 Trendy V Neck T Shirts Summer Clothes,Women
B0DHSGPD5P,Zeagoo Women's Casual 3/4 Sleeve T-Shirts Round Neck Cute Tunic Tops Basic Tees Blouses Business Work Tee Top,Women
B09N3T5H8M,Dokotoo Women's V Neck Lace Crochet Eyelet Tops Short Sleeve Casual Shirts Blouses,Women
B0832F9PRH,TASAMO Women's Casual Round Neck Basic Pleated Top Cap Sleeve Curved Keyhole Back Chiffon Blouse,Women
B09VT1BHH1,PRETTYGARDEN Women's Short Sleeve Casual T Shirts Summer Ruffle Plain Round Neck Loose Fit Tee Blouse Tops,Women
B09WDNRN1T,BTFBM Women Casual Boho Blouse Dressy Floral Puff Long Sleeve Shirts V Neck Lightweight Chiffon Summer Fall Tops 2025,Women
B0D91YT7J8,Blooming Jelly Womens Dressy Casual Blouse Business Long Sleeve Tops Ruffle V Neck Work Shirt Fall Outfit 2024,Women
B08KG88XXR,Avanova Women Polka Dot Long Sleeve Blouse Shirts Work Mock Neck Ruffle Top,Women
B0BSF2B5JH,Womens Smocked Cuffed Striped Boyfriend Shirt Casual Collar Long Sleeve Oversized Button Down Blouse Tops with Pocket Shirred,Women
B0D5QPC67N,AUTOMET Womens Fall Fashion Long Sleeve Shirts Dressy Casual Pleated Basic Trendy Tops Winter Clothes 2025,Women
B0D6WGWNS8,Dokotoo Womens Soft Long Sleeve V Neck Shirts Solid Casual Decorative Buttons Knitted Pullover Tunic Tops,Women
B07YNY69X6,"SHAPERMINT Shapewear for women - High-Waisted Shapewear Tummy Control Shorts, Faja body shaper, underwear for women",Women
B0B24PVTYC,FENSACE Womens Sundress Summer Floral Short Sleeve Wrap V Neck A-Line Midi Dress,Women
B09Z5X9B86,PRETTYGARDEN Women's Summer Casual Boho Dress Floral Print Ruffle Puff Short Sleeve Flowy Midi Beach Party Dresses,Women
B0DFBDPKV8,Dokotoo Women's Summer Dresses 2025 Beach Casual Deep V Neck Loose Sundress Ruffle Sleeve Mini Dress,Women
B0BZ76N2MX,PRETTYGARDEN Women's Summer Wrap Maxi Dress Casual Boho Floral V Neck Short Sleeve Ruffle Hem Split Beach Long Dresses,Women
B0CP5M161C,ANRABESS Womens Boho Maxi Dresses 2025 Summer V Neck Puff Sleeve Floral Flowy Swing Casual Long Dress,Women
B0CRB1NJ46,QINSEN Womens Square Neck Tennis Dress Short Sleeve Built in Shorts Golf Athletic Dress with Pockets,Women
B0CPHKY9MT,PRETTYGARDEN Womens Summer Jumpsuits Dressy Casual One Piece Outfits Sleeveless Mock Neck Wide Leg Pants Rompers with Pockets,Women
B0BNBBNR98,CUPSHE Women's Mini Dresses Casual Spring V Neck Chiffon Long Peasant Sleeves Flowy Summer Dress,Women
B0C72M9R32,Dokotoo Women's Wrap V Neck Short Flared Sleeve Wedding Guest Dress Smocked Elastic Waist Tiered Belted Ruffle Hem Mini Dress,Women
B09ZL695FM,ZESICA Women's 2025 Summer Casual Flutter Short Sleeve Crew Neck Smocked Elastic Waist Tiered Midi Dress,Women
B0CN6BCP5S,Memoriesea Women's Vintage Church Ruffle Sleeve Ruched Bodycon Work Midi Pencil Dress,Women
B0C1GS1NWD,Dokotoo Womens Dresses 2025 Spring Summer Deep V Neck Elegant Bow tie Mini Dress S-XL,Women
B0D6YJYBZC,Nmoder Casual Dresses for Women Semi Formal Fit and Flare Dresses 3/4 Sleeve A-line Church Work Dresses with Pockets,Women
B0BZP7BQZV,BORIFLORS Women's Sexy Ruched Bodycon Mini Dress Mesh Long Sleeve Club Party Short Dresses,Women
B0CD53B24J,Nmoder Women's Casual Wrap Flared Midi Dress Wedding Guest Cocktail Tea Dresses A-Line Swing V-Neck 3/4 Sleeve,Women
B0BNHL4VSC,MEROKEETY Women's 2025 Summer Puff Sleeve Smocked Floral Dress Crewneck Lace Flowy Tiered Midi Dresses,Women
B09LH6CFNH,CHICGAL Summer Dresses for Women Beach Cover Ups Strapless Boho Floral Print Sundress,Women
B0CRKRXPB6,BTFBM Women's Ruched Bodycon Dress Summer Casual Sleeveless Back Slit Elegant Club Evening Party Cocktail Maxi Dresses,Women
B08TBG1BPD,Women's Casual T Shirt Dress Summer Short Sleeve Swing Dresses with Pockets,Women
B09QM9P487,ANRABESS Women's Summer Loose Boho Flowy Wrap V Neck 3/4 Sleeve Floral Print Slit Beach Wedding Guest Long Maxi Dresses,Women
B0D8KSM11G,Dokotoo Womens Dresses 2025 Boho Floral V Neck Long Sleeve Smocked Elastic Waist Casual A-Line Swing Mini Dress Sundress,Women
B0DLGRS1BJ,Zeagoo Women Summer Short Sleeve Midi Dress with Pockets Casual Aline Flowy Tshirt Dress Floral Vocation Beach Sundress,Women
B0DD72RFZ8,Memoriesea Women's Elegant Casual Short Sleeve Work Party A-Line Dress with Pockets,Women
B0DK6Y5MCN,PRETTYGARDEN Womens Summer Casual V Neck Boho Maxi Dress Flowy Aline Bell Sleeve Tiered Floral Dresses with Pocket,Women
B0DKSDPKZF,Dokotoo Womens Dresses 2025 Summer Spring V Neck Short Sleeve Casual A Line Flowy Swing Shift Dress Mini Dress,Women
B0BRSFKFJ4,PRETTYGARDEN Women's 2025 Summer Satin Dress Elegant Sleeveless Mock Neck Cocktail Party Maxi Dresses,Women
B0CKTCWQX6,CUPSHE Women's Knit Ruched Mini Fall Dress Smocked Ruffle Hem Crew Neck Long Sleeve Bodycon Casual Summer Autumn Dresses,Women
B0CQ4Q7SNQ,Dokotoo Summer Dress Casual Womens Fashion Short Sleeve Maxi Dress T Shirt Dress Striped Long Color Block Maxi Dress,Women
B0CQ8K495D,Women's Bodycon Pencil Dress Church Teacher Office Modest Business Wear to Work Sheath Suiting Dresses,Women
B0D6YY28SS,Dokotoo Womens 2025 Casual Dress Smocked Crewneck Button Up Long Sleeve Empire Waist A-Line Mini Dress,Women
B08T25KPN2,FANDEE Plus Size Maxi Dress for Women Casual Summer Sundress V-Neck 3/4 Sleeve,Women
B0D391J394,ZENGVEE Mens Polo Shirts Moisture Wicking Short Sleeve Performance Quick Dry Athletic Golf Shirts,Men
B0DRXCWRYM,ZITY 3 Pack Men Polo Shirts Short Sleeve with Pocket Sport Wicking Shirts for Men Casual Athletic Collared T-Shirts,Men
B0DHLFBLB4,TVKSOM 5 Pack Polo Shirts for Men Long Sleeve Quick Dry Mens Polo Shirts Golf T Shirt Moisture Wicking Casual Workout,Men
B0BGJ5XZTQ,ZITY 3 Pack Mens Polo Shirt Short Sleeve Sports Performance Business Casual Golf Shirts for Men Collared Tactical T-Shirts,Men
B0C2ZSX1RL,Real Essentials 3 Pack: Men's Jersey Cotton Short Sleeve Polo Shirt - Breathable Performance Polo (Available in Big & Tall),Men
B0DSFZP271,3 Pack Polo Shirts for Men Short Sleeve Moisture-Wicking Golf Shirts Athletic Casual Collared T-Shirt,Men
B09B52VSNC,5 Pack Men's Dry Fit T Shirts Athletic Running Gym Workout Short Sleeve Tee Shirts for Men,Men
B07BN52FT6,Nautica Men's Short Sleeve Solid Stretch Cotton Pique Polo Shirt,Men
B07LGT68JH,Rustler Men's Classic Relaxed Fit,Men
B09GRXDMF6,Amazon Essentials Men's Athletic-Fit Stretch Jeans,Men
B0008EOG9E,Lee Men's Regular Fit Straight Leg Jean,Men
B0874WWX2P,Under Armour Men's HeatGear Compression Shorts,Men
B0B38Y9436,rytras Women's Cotton Printed Straight Kurti (RYT311_Blue_XXX-Large),Women
B0CD2HNDVG,"KISAH Men's Printed Sherwani Kurta & Pajama Set - Regular Fit, Mandarin Collar| Ethnic Wear Mens Wear",Men
B08CW7GW58,Amazon Essentials Women's Pointed-Toe Ballet Flat,Women
B08KZYTHWR,Feethit Womens Slip On Running Shoes Non Slip Walking Shoes Lightweight Gym Workout Shoes Breathable Fashion Sneakers,Women
B093TXC5S1,Reebok womens Club C 85 Vintage,Women
B0DG57PFR6,"Theora Pro HF - Ergonomic Supportive Non-Slip Barefoot Shoes, Wide Toe Box Durable Breathable Ultralight Walking Shoe for Women Men",Women
B0BS6G9WG6,KIDMI Women's Suede Clogs Leather Mules Cork Footbed Sandals Potato Shoes with Arch Support,Women
B0CP7277PW,Adokoo Canvas Tennis Shoes for Women Low Top Casual White Black Sneakers for Women Lace Up Fashion Comfortable Walking Shoes,Women
B0BW8KKPQH,SERNIAL Womens White Tennis Shoes PU Leather Sneakers Casual Walking Shoes for Women,Women
B0BZZ6ZP7B,SHULOOK Womens Slip on Walking Shoes Comfort Lightweight Breathable Sock Shoe Non-Slip Mesh Casual Fashion Tennis Running Sneakers,Women
B07B422G13,New Balance Women's 608 V5 Cross Trainer,Women
B08GKRNT2T,KuaiLu Womens Arch Support Flip Flops Comfortable Yoga Mat Slip on Summer Beach Walking Thong Cushion Sandals,Women
B0BZ92J5MM,Skechers Women's Bobs D'vine-Instant Delight Sneaker,Women
B08DXSSMYK,GUESS Women's Loven Sneaker,Women
B071GB2K21,Skechers Women's Go Walk Joy Sneaker,Women
B0CPQS2BBR,Hey Dude Wendy Slip Classic | Women's Shoes | Women's Slip On Loafers | Comfortable & Light-Weight,Women
B08CBVFFZ6,HEAWISH Women's Floral Ballet Flats for Women Black Beige Slip On Flowers PU Leather Round Toe Dress Shoes,Women
B09XRGG5NV,New Balance Women's Fresh Foam ROAV V1 Sneaker,Women
B0BZ5NB719,adidas Women's Cloudfoam Pure Sportswear Sneaker,Women
B0BZ5JBZ3T,adidas Women's Bravada 2.0 Platform Sneaker,Women
B097JVM91J,HEAWISH Women's Ballet Flat Daisy Round Toe Dress Shoes Casual Slip On Rope Loafer,Women
B09TZQKDL7,Obtaom Women's Play Fashion Sneaker White Color Washed and Leopard Canvas Slip on Shoes,Women
B094C62WFQ,Dr. Scholl's Women's Time Off Sneaker,Women
B0CJ61N1HW,Skechers Women's Martha Stewart Bobs Sesame By the Bay,Women
B0C5ZRQS2X,KuaiLu Flip Flops for Women with Arch Support Yoga Mat Comfortable Summer Beach Walking Thong Cushion Sandals Slip On Indoor Outdoor,Women
B0BHPS8B12,adidas Women's Swift Run Sneaker,Women
B08NDMWJV9,INZCOU Running Shoes Lightweight Tennis Shoes Non Slip Gym Workout Shoes Breathable Mesh Walking Sneakers,Women
B0BN28RWW8,DeYashopin Women's Flats Shoes Leisure Shoes Slip On Work Shoes Comfort Walking Shoes,Women
B096PFYLSH,"TOMS Women's, Alpargata Slip-On",Women
B0C2JWQNTN,adidas Women's Kaptir Flow Sneaker,Women
B0CGZL5KZR,Brooks Women's Glycerin 21 Neutral Running Shoe,Women
B01MRVU8WD,Clarks Women's Emslie Lulin Dress Pump,Women
B076TG95HL,Skechers Women's Summits Sneaker,Women
B0CL4XJCJW,Genuine Suede Clogs for Women Men Soft Cork Footbed Leather Mules Comfort Potato Shoes with Arch Support,Women
B079GXK2KS,Converse Chuck Taylor All Star Lift Women's Lace Up Canvas Sneaker,Women
B07GQDTNWK,Clarks Women's Juliet Palm Loafer,Women
B09ZLMK2Q5,"Womens Jacquard Standard Length Saree, Mustard, Free Size",Novelty & More
B0BRVDXXYV,Womens Kanjivaram Banarasi Silk Saree Patola saree with Unstitched blouse piece free,Novelty & More
B08354NT7W,Women's Banarasi Silk Blend Woven Zari With Tussles Saree and Jacquard Woven Blouse Piece,Women
B0CXY1H4NG,Ethnic Junction Women's Art Silk Cotton Kalamkari Print Saree With Blouse Piece,Sin categoría
B085G4DXLK,Women Art silk Sarees SDPL-METRO,Novelty & More
B0D8GYHB4M,Women's Pure Banarasi Silk Saree Kanjivaram Style Saree With Blouse Piece For Wedding (Vruksh),Sin categoría
B0B6FHTHQC,Women's Kanjivaram Soft Silk Saree With Blouse Piece 6.3metres,Novelty & More
B0D8198XHF,"SIRIL Women's Art Silk Self Woven, Jacquard Border Saree With Unstitched Blouse Piece (3590S254A_Maroon)",Novelty & More
B0D2HTM4XW,"Women's Latest Chiffon Batik Printed Saree with Blouse Piece, Light Blue, White, One Size, Light Blue, White, One Size",Sin categoría
B0D9FWQQFT,Women's Kanjivaram Banarasi Soft Silk Saree With Unstitched Blouse Piece (Silk Box Flower),Sin categoría
B0BC3PS8XJ,SIRIL Women's Bandhani Printed Chiffon Saree With Blouse(2612S2080_) 5.5 Meters Orange & Red,Women
B08M429KCV,Women Art Silk Lace Printed Saree Free Size (AIR),Women
B0BW7BVZRQ,Women's Kanjivaram Soft Silk Saree With Blouse Piece (Purple) 6.3metres,Novelty & More
B0D3XM6H68,SIRIL Women's Satin Silk Hot Fixing Saree with Unstitched Blouse Piece,Novelty & More
B0BNF2F5QZ,Indian Women's Navy Blue Woven Design Banarasi Silk Saree with Unstitched Blouse Piece (SOHNA2001_Parent),Novelty & More
B0BPY4RXD3,Women Rayon Anarkali Embroidered Printed Anarkali Salwar Kameez,Women
B0B7S9HP64,Women's Maroon Poly Crepe A-line Kurta Set With Dupatta,Women
B0CW3JYMFM,Women's Heavy Cotton Thread & Sequence Embroidery Work Unstitched Salwar Suit Dress Material With Chanderi Sequence Work Dupatta (DM Fighter Cream_Cream_Free Size),Women
B0CCYJP95Y,Women's Cotton Printed Straight Kurta With Palazzo & Dupatta Set,Women
B0D94JPN1P,Women's Cotton Printed Unstitched Salwar Suit Dress Material With Printed Dupatta (Batik_Free Size),Women
B0C2DFMQ3V,Women's Heavy Cotton Embroidery Work Unstitched Salwar Suit Dress Material With Chanderi Work Dupatta (Free Size),Computers & Accessories
B0DQ5FMMKX,MR CREATION Women's Wedding Special Floral Lehenga Choli with Foil Print & Gotta Patti Dupatta(PINK),Sin categoría
B0DY18VBQQ,TRENDMALLS Women's Art Silk Embroidery Sequin work Lehenga Choli with Dupatta Ready To Wear,Sin categoría
B0BN39ZRYD,TRENDMALLS Women 's White Georgette Embroidery Sequence Work Lehenga Choli Set with Dupatta For Women,Novelty & More
B0D79971PT,"Kedar Fab Embroidered Georgette Fabric Lehenga Choli with Dupatta for Women, Green, Free Size",Sin categoría
B0D79795VN,"Embroidered Georgette Fabric Lehenga Choli with Dupatta for Women From Kedar Fab, Black, Free Size",Sin categoría
B0B4FWZB49,womens A-line,Women
B0DQ8CSQ6N,Women's Chanderi Stitched Printed Kurta Set for Women,Sin categoría
B0B391RPYX,rytras Women's Cotton Printed Straight Kurti (RYT311_Blue_XX-Large),Women
B0C8LJ64HH,PURE CHAMP 3Pk Boys Sweatpants Fleece Athletic Workout Kids Clothes Boys Joggers with Zipper Pocket and Drawstring Size 4-20,Boys
B0743MHBYZ,Ultra Dry Thermal Underwear For Kids Long Johns Fleece Lined Leggings And Shirt Boy And Girl Unisex Underwear Base Layer,Boys
B0CY29F6G4,"Toddler Boys Shirts Short-Sleeve Little Kids t Shirts Boys' Tops, Tees & Shirts Graphic TEE Age for 2-7 Years 4-Pack",Boys
B0CRHRSTZW,HILEELANG Kids Boy Basic Plain Cotton T-Shirts Short Sleeve Crew Neck Summer Tees 4packs 6-12 Years,Boys
B0C3J6QB6L,"Hanes Boys' Originals Crewneck Undershirts Pack, Stretch Cotton, Black & Assorted, 5-Pack",Boys
B0BNDCRMP2,The Children's Place Boys' Athletic Basketball Shorts,Boys
B01M3U4MS1,YuanLu Boys Suit for Kids Tuxedo Wedding Ring Bearer Outfit Boy Formal Suits 5 Piece Slim Fit Dresswear Suit Set,Boys
B0C7G8SJMS,"Boys Cargo Shorts, Outdoor Quick Dry Hiking Shorts, Lightweight Athletic Short with Zipper Pockets",Boys
B0BM8RKWD2,"The Children's Place Boys' Assorted Everday Short Sleeve Graphic T-Shirts,multipacks",Boys
B0874WPYV6,Under Armour Boys' Logo Short Sleeve Tee Shirt,Boys
B07B8HYGXW,adidas Boys' Iconic Tricot Athletic Pants,Boys
B00XPFFXKO,Hanes Boys' Eco Smart Pullover Hoodie,Boys
B084Q3ZJ4G,"Fruit of the Loom Boys' and Toddler Boxer Briefs, Tag Free & Breathable Underwear, Assorted Color Multipacks",Boys
B00XPFM1RC,"Hanes Boys EcoSmart Fleece Sweatpants, Midweight Cotton/Poly Fleece Pants for Boys, Cuffed Sweats",Boys
B0872DSL47,Under Armour Boys' Brawler 2.0 Tapered Pants,Boys
B09NF2Y5Y5,Under Armour Boys' Elite Short Sleeve T-Shirt,Boys
B0CJWNTM1L,Under Armour Boys' Tech Hybrid Print Short Sleeve T Shirt,Boys
B0823DJNPR,The Children'S Place Boys Basic Long Sleeve Tee,Boys
B07K6V9763,The Children's Place Boys' Stretch Straight Leg Jeans,Boys
B01EMMB4LK,The Children's Place Boys' Uniform Short Sleeve Pique Polo,Boys
B08P52ZV47,The Children's Place Boys Multipack Basic Bootcut Jeans,Boys
B08Y5SNZTY,The Children'S Place Boys Basic Short Sleeve Tee,Boys
B0CJWGMKVD,Under Armour Boys' Tech Logo Shorts,Boys
B0DN2XJPRZ,"PUMA Boys' Fleece Jogger Set - 3 Piece Hoodie, T-Shirt, and Jogger Sweatpants - Athleisure Outfit Set for Boys (Sizes: 8-16)",Boys
B096YJWVDD,adidas Boys' Classic 3-Stripes Shorts,Boys
B0C24NCRHX,The Children's Place Boys' Long Sleeve Thermal Henley Shirt,Boys
B01FKZRV4M,The Children's Place Boys' Bottoms Cargo Shorts,Boys
B08Q3H4W7T,"Burt's Bees Baby Baby Boys Pajamas, 2-Piece Long Sleeve Tee and Long Pant Cotton PJ Set, Sizes for 12 Months to 12 Years",Baby
B0C8NGNT8L,Boy's Cargo Joggers Pants Youth Quick Dry Hiking Lightweight Pants for Sports Outdoor with Zipper Pockets,Boys
B0BGWBQ9VW,Under Armour Boys' Rival Fleece Joggers,Boys
B01BFJM9BW,French Toast Boys' Short Sleeve Crewneck Tee,Boys
B07H3MYXFK,Simple Joys by Carter's Boys' 6-Piece Snug Fit Cotton Pajama Set,Boys
B07GFPVS2M,Gerber Baby 8-Pack Short Sleeve Onesie Bodysuits,Baby
B01M5JGO6D,Simple Joys by Carter's unisex-baby 6-piece Bodysuits (Short and Long Sleeve) and Pants Set,Baby
B0744PN2MV,Simple Joys by Carter's Baby 3-Pack Neutral Cotton Sleeper Gown,Baby
B072JLTLQT,Simple Joys by Carter's baby-girls 3-pack Snap-up Rompers,Baby
B08FDXYMR5,Toddler Infant Baby Boy Clothes Striped Long Sleeve Hoodie Tops Sweatsuit Pants Outfit Set,Baby
B0983JZPV4,Fullfamous Baby Girl's 3pc Rib Frill Long Sleeve Romper and Pant Set,Baby
B0CW9NBPKZ,Unisex Baby Bodysuits Multipacks – Super Soft Cotton One-Piece Undershirt for Newborns and Infants (0-24 Months),Sin categoría
B01MSM0SU4,Simple Joys by Carter's baby-girls 6-piece Bodysuits (Short and Long Sleeve) and Pants Set,Baby
B073WMFKPZ,Simple Joys by Carter's Baby Girls' 3-Pack Cotton Sleeper Gown,Baby
B0DS6141ZT,Toddler Baby Girl Clothes Knit Floral Fly Sleeve Tops Shorts Cute Summer Spring Outfits Infant Clothing Set,Baby
B074P49GC8,Hudson Baby Unisex Baby Plush Animal Face Bathrobe,Baby
B07GG1R78H,Gerber Baby Girls' 8-Pack Short Sleeve Onesies Bodysuits,Baby
B071HWBZX1,"Little Me Baby Boys' Assorted, Multi, 0-12/12-24 Month",Baby
B07M6SSQXH,"Burt's Bees Baby Boys' Sleep & Play PJs, 100% Organic Cotton One-Piece Zip Front Jumpsuit, Baby Boys Footie Pajamas & PJs",Baby
B07VKTGVV5,Hudson Baby Baby Girls' Cotton Dress and Cardigan Set,Baby
B08G5FZK73,"HonestBaby Multipack Short Sleeve T-Shirt Tee 100% Organic Cotton Infant Baby, Toddler, Little Kids Boys, Girls, Unisex",Baby
B07CL5HT3S,Simple Joys by Carter's Baby Hooded Sweater Jacket with Sherpa Lining,Baby
B0C7HKDQH3,Carhartt Unisex Baby Long-Sleeve Pocket Bodysuit,Baby
B0CP3NQCN3,Kaipiclos Newborn Infant Girl Clothes Rib Knit Romper Daisy Print Pants Headband Baby Clothes for Girls 0 3 6 12 18 24 Months,Baby
B07ZPQ8VDN,"Simple Joys by Carter's Baby Boys' 2-Way Zip Thermal Footed Sleep and Play, Pack of 2",Baby
B01M2CO9DQ,"Simple Joys by Carter's Baby Girls' Long-Sleeve Bodysuit, Pack of 5",Baby
B088NSCVG2,Onesies Brand Baby Boys' 4-Pack Sleep 'N Play Footies,Baby
B09JFQ74YX,SUNNY PIGGY Newborn Infant Baby Girl Clothes Ruffle Romper Toddler Girl Floral Cotton Pant Sets Girls Clothing Outfit,Baby
B07GG593DL,Gerber Baby Boy and Girls 4-Pack Sleeper Gown,Baby
B08L93432B,Newborn Baby Boy Girl Clothes Ribbed Knitted Cotton Long Sleeve Romper Long Pants Solid Color Fall Winter Outfits,Baby
B0B6DCY8GT,Gerber Baby Girls' 4-Pack Footed Pajamas,Baby
B083XHS9XY,Simple Joys by Carter's unisex-baby 5-pack Side Snap Short-sleeve Bodysuit,Baby
B07ZPQHFLC,Simple Joys by Carter's Baby Boys' 2-Pack Fleece Footed Sleep and Play,Baby
B08Z755PCH,Mioglrie Newborn Infant Baby Girl Clothes Romper Shorts Set Floral Summer Outfits Cute Baby Clothes Girl,Baby
B0B6Z9MVTF,Onesies Brand baby-girls 3-pack Romper,Baby
B07QPQLW34,Gerber baby-boys 5-pack Short Sleeve Variety Onesies Bodysuits,Baby
B07QPQLWYB,Gerber Baby Girls' 5-Pack Short Sleeve Variety Onesies Bodysuits,Baby
B092YTHSSV,Gerber Baby 5-Pack Solid Onesie Bodysuits,Baby
B07Y2KBF2W,Simple Joys by Carter's Baby 3-Pack Snap-up Rompers,Baby
B08GHLBW8P,Gerber Baby Boys' 4-Pack Footed Pajamas,Baby
B0DYSWTXH4,PORCLAY Men's Polo Shirt Summer Waffle Short Sleeve Blouses Button Down Beach Tops Textured Golf Shirts with Pocket,Men
B0DR8Q5186,ZITY Men's 3 Pack Polo Shirts Short Sleeve Moisture-Wicking Golf Shirt Business Causal Tops,Men
B0DSDL34G4,Aulemen Men's Casual Polo Shirts Short Sleeve Classic Collar T-Shirt Slim Fit Button Basic Golf Shirts with Pocket,Men
B0DMSVLHJ1,COOFANDY Men's Textured Polo Shirts Short Sleeve Slim Fit Casual Button Polo T-Shirt Summer Collared Golf Shirt,Men
B07L124QBK,Men's Cotton Double Dhoti With Silver Border,Men
B07J31WFNB,Amazon Essentials Skinny Jeans for Women (Stretchy),Women
B0D1H1HV5F,AEROPOSTALE Women's Aero High Waisted Jegging,Women
B07B6KT78H,Lee Women's Ultra Lux Comfort with Flex Motion Bootcut Jean,Women
B00021NY28,Gloria Vanderbilt Women's Amanda Classic High Rise Tapered Jean,Women
B0C3L9HJRZ,XZQTIVE 3 Pack Women Belts For Jeans Dresses Pants Ladies Leather Waist Belt with Gold Buckle,Women
B0D91GGC4Z,KUNMI Women's Skinny Ripped Trendy Jeans Distressed Stretchy Denim Pants,Women
B07QL1H7KS,Levi Strauss Signature Gold Women's Mid-Rise Slim Fit Capris (Available in Plus Size),Women
B0DSW6C8PT,Women's Cow Leather Belt for Jeans Pants Fashion Ladies Skinny Dress Waist belt with Gold Buckle,Women
B09YPYFC4Q,VIPONES Women Jeans High Waisted Skinny Stretchy Soft Slim Fit Distressed Comfy Classic Jeggings Denim Pants,Women
B089CJT9NX,Lee Women's Legendary Mid Rise Bootcut Jean,Women
B09PDMRNNZ,KDF Flare Jeans for Women Women's Bootcut Bell Bottom Jeans High Waisted Stretch Slimming Bell Bottoms Jeans,Women
B07PLVGLW8,Levi's Women's 311 Shaping Skinny Jeans (Also Available in Plus),Women
B09K1K8117,Levi Strauss Signature Gold Women's Modern Straight Jeans,Women
B07SH9F51B,Lee Women's Ultra Lux Comfort with Flex Motion Trouser Pant,Women
B0C5N9XPCF,Lee Women's Legendary High Rise Trouser Jean,Women
B09GHFT3M9,Nine West Women's One Step Ready Pull On Jegging,Women
B0BTSFVMKS,Gloria Vanderbilt Women's Amanda Capri Jean Regular,Women
B01DTY5PGW,Lee Women's Plus Size Relaxed Fit Straight Leg Jean,Women
B0D9G8FPF1,Women High Waisted Cargo Jean for Women with 6 Pockets Straight Wide Leg Jean Casual Baggy Pants,Women
B0BN1PZ1VX,"VOOVEEYA Women's Bootcut Leggings - Bootleg Yoga Pants Flare with 4 Pockets,Tummy Control High Waisted Casual Dress Pants",Sport Specific Clothing
B0C1L9X2Y7,Womens Jeans Mid Waisted Straight Leg Loose Stretchy Lightweight Tummy Control Trendy Jeans for Women 2024,Women
B0C38W6M1C,Lepunuo Cargo Pants for Women High Waisted Casual Pants Baggy Stretchy Wide Leg Y2K Streetwear with 6 Pockets,Women
B0C2VD1HN2,Women's Cargo Jeans Pants,Women
